Product Code,Product Name
8026430,롯데)처음처럼400mlPET
8026431,롯데)처음처럼640mlPET
8012756,롯데)클라우드캔500ML
1000007,오비)카스캔355ML
1023556,오비)카스캔500ML
1034315,진로)참이슬클래식PET640ML
1014882,진로)참이슬팩200ML
8021241,진로)참이슬후레쉬PET400ML
1034316,진로)참이슬후레쉬PET500ML
8050792,하이트)켈리캔355ML
8035724,하이트)테라캔355ML
8035723,하이트)테라캔500ML
8012576,델리카)고추장불고기삼각김밥
8012577,델리카)닭불갈비삼각김밥
8017503,델리카)듬뿍햄치즈에그샌드위치
8013898,델리카)소고기고추장삼각김밥
8013899,델리카)전주비빔삼각김밥
8012575,델리카)점보김치제육삼각김밥
8012574,델리카)점보소고기고추장삼각
8013896,델리카)점보참치마요네즈삼각
8018901,델리카)참치김치김밥
8013897,델리카)참치마요네즈삼각김밥
8017505,델리카)햄치즈포테이토샌드위치
8052722,브랑)롱패스츄리(104g)
8008185,브랑)미니딸기샌드
8008186,브랑)미니땅콩샌드
8007550,브랑)미니쌀약과
8052721,브랑)초코소보로패스츄리(100g)
8018773,브랑)프리미엄땅콩샌드
8010641,브랑)프리미엄스위트패스츄리
8053366,삼)미각제빵버터코코넛휘낭시에
8053551,삼립)끼리진한크림치즈카스텔라
8053550,삼립)끼리크림치즈브레드
8049845,삼립)더블불고기감자버거(리뉴얼
8053433,삼립)몽글스크램블소시지샌드
8053364,삼립)미각제빵바닐라카스테라롤
8053365,삼립)미각제빵소꾸덕버터바파이
8053363,삼립)미각제빵소딸기초코와플
8053361,삼립)미각제빵소마크빵
8049844,삼립)상하이스파이시버거(리뉴얼
8049547,삼립)생크림보름달
8049711,삼립)순우유밀크요팡(
8049712,삼립)순우유완듀완듀팡(리뉴얼)
8049361,삼립)신선가득꿀호떡(리뉴얼)
8008054,삼립)신선한치즈후레쉬팡
8051840,삼립)잘익은옥수수이야기
8028530,삼립)잼있는딸기쿠키
8042977,삼립)정통단팥빵
8049545,삼립)정통보름달(리뉴얼)
8008044,삼립)정통크림빵
8049709,삼립)주종단팥크림빵(리뉴얼)
8053548,삼립)주종슈크림빵
8049710,삼립)주종카스타드단팥빵(리뉴얼
8051838,삼립)카스타드소보루
8049708,삼립)탕종빅땅콩샌드(리뉴얼)
8046398,삼립)포켓몬 로켓단초코롤
8046401,삼립)포켓몬 파이리핫소스팡
8046400,삼립)포켓몬 피카츄치즈케익
8049847,삼립)프리미엄햄에그샌드위치
8028441,돌)망고컵
8053111,그린)불고기버거
8049745,그린)지금인기인가요샌드위치
8036734,영우)통햄말이참치마요김밥
8047438,코카)갈아만든배340ml
7026120,코카)글라소에너지500ML
7026118,코카)글라소파워씨500ML
7014465,코카)레몬에이드펫350ML
8007043,코카)모과생강280ML
8029431,코카)몬스터에너지355ML
8048766,코카)몬스터에너지망고로코355ML
8053495,코카)몬스터에너지선라이즈355ML
8029433,코카)몬스터에너지시트라355ML
8029432,코카)몬스터에너지울트라355ML
8048765,코카)몬스터에너지제로슈거355ML
8039115,코카)몬스터에너지파이프라인355
8053496,코카)몬스터에너지피치킨355ML
7013798,코카)미닛메이드오렌지350ML
7028049,코카)미닛메이드포도350ML
8017464,코카)스프라이트250ML
8011927,코카)스프라이트500ML
8044228,코카)스프라이트제로500ML
8052948,코카)스프라이트제로캔355ML
8052947,코카)스프라이트캔355ML
8027945,코카)식후비법더블유차500ML
7020097,코카)아침에사과펫500ML
8052949,코카)암바사캔345ML
8020723,코카)영진구론산바몬드150ML
8050550,코카)조지아디카페인블랙470ML
7019674,코카)조지아오리지널240ML
8050553,코카)조지아저칼로리라떼470ML
8035417,코카)조지아크래프트라떼470ML
8035416,코카)조지아크래프트블랙470ML
8047439,코카)주전자차_보리500ml
7023521,코카)코카콜라1.5L
7009685,코카)코카콜라250ML
8011078,코카)코카콜라300ML
7019607,코카)코카콜라500ML
8025917,코카)코카콜라제로250ML
7031645,코카)코카콜라제로500ML
8052946,코카)코카콜라제로캔355ML
7039197,코카)코코팜복숭아펫300ML
7047355,코카)태양의마테차500ML
8024768,코카)토레타240ML
8020728,코카)토레타500ML
7038257,코카)파워에이드355ML
7023523,코카)파워에이드600ML
8050256,코카)파워에이드제로600ML
7038256,코카)파워에이드캔240ML
7026122,코카)허니유자280ML
8013625,코카)환타오렌지250ML
7026489,코카)환타오렌지300ML
7019671,코카)환타오렌지600ML
8052950,코카)환타파인제로캔355ML
8050887,농심)데이플러스 프로틴
8003508,농심)백산수500ml
8027704,농심)웰치스소다청포도355ml
8046741,농심)웰치스제로오렌지355ml
8046739,농심)웰치스제로포도355ml
7023212,농심)웰치스포도355ml
7036646,농심)파워오투애플키위500ml
7036647,농심)파워오투오렌지레몬500ml
7022736,동서)TOP더블랙200ML
7022735,동서)TOP더블랙275ML
8013296,동서)TOP더블랙380ML
7019780,동서)TOP마스터라떼200ML
7019783,동서)TOP마스터라떼275ML
8020303,동서)TOP마스터라떼380ML
7019781,동서)TOP아메리카노200ML
7019782,동서)TOP아메리카노275ML
8013295,동서)TOP아메리카노380ML
7016193,동서)스타벅스더블샷200ML
8048580,동서)스타벅스더블샷바닐라275ml
8005649,동서)스타벅스더블샷에스&크림
8048582,동서)스타벅스돌체병281ml
7014363,동서)스타벅스모카병281ML
8048579,동서)스타벅스블랙커피275ml
7016192,동서)스타벅스오리지널병281ML
8048581,동서)스타벅스초콜릿275ml
8036580,동서)콜롬비아나마스터라떼500ML
8036581,동서)콜롬비아나마스터블랙500ML
8040254,동서)콜롬비아나스위트블랙500ML
8050424,동아)나랑드사이다그린애플PET
8050423,동아)나랑드사이다파인애플캔245
7034391,동아)데미소다복숭아캔250ML
8003609,동아)데자와밀크티245ml
8016650,동아)오로나민C
7023518,동아)포카리스웨트1.5L
7000074,동아)포카리스웨트500ML
8049423,동아)포카리스웨트620ML
7009687,동아)포카리스웨트캔240ML
7000108,현대)미에로화이바210ML
8046134,현대)미에로화이바500ML
8050644,현대)미에로화이바제로350ML
8052441,빙)더단백파우치곡물
8052442,빙)더단백파우치초코
8011364,빙)맑은하늘도라지차500ml
8052447,빙)삼다향천혜향
8052448,빙)삼다향청귤
8052446,빙)삼다향한라봉
8053077,빙)슈퍼부스트 수분충전 500ml
8053076,빙)슈퍼부스트 파워충전 500ml
8045500,삼립)파스쿠찌아메리카노
7012629,남양)17차340ml
7032525,남양)17차PET500ml
8043600,쟈뎅)big로얄헤이즐럿파우치
8043599,쟈뎅)big시그니처블랙파우치
8043598,쟈뎅)big아메리카노스윗파우치
8034812,쟈뎅)블루레몬에이드230ML파우치
8050249,쟈뎅)새콤달콤딸기에이드230ML
8050248,쟈뎅)새콤달콤스파클링복숭아350
8050247,쟈뎅)새콤달콤스파클링포도350ML
8047520,쟈뎅)아워티레몬얼그레이티500ML
8047519,쟈뎅)아워티자몽블랙티500ML
7000112,칠성)2%복숭아240ML
7000113,칠성)2%복숭아350ML
7000072,칠성)게토레이240ML
7036694,칠성)게토레이레몬600ML
8037219,칠성)깨수깡160ML
8046724,칠성)더하다옥수수수염차500ML
8019316,칠성)델몬트망고1.5L
7008454,칠성)델몬트망고240ML
7011894,칠성)레쓰비마일드175ML
7029979,칠성)립톤복숭아500ML
7031011,칠성)밀키스250ML
8020306,칠성)밀키스500ML
7000067,칠성)솔의눈240ML
8043948,칠성)아이시스 에코 500ML
8017278,칠성)아이시스8.0 2L
8004284,칠성)아이시스8.0 500ML
7019134,칠성)에비앙500ML
8017280,칠성)초가을우엉차500ML
8043529,칠성)칠성사이다(제로)500ML
7000042,칠성)칠성사이다250ML
7017429,칠성)칠성사이다500ML
8004663,칠성)카페타임라떼240ML
8027264,칠성)칸타타ICE마키아토230ML
8027263,칠성)칸타타ICE블랙230ML
8027262,칠성)칸타타ICE아메리카노230ML
8027265,칠성)칸타타ICE헤이즐넛230ML
7034413,칠성)칸타타마키아토275ML
7019784,칠성)칸타타아메리카노175ML
7019785,칠성)칸타타아메리카노275ML
7032520,칠성)칸타타콜드브루블랙275ML
7017433,칠성)칸타타프리미엄라떼175
7017432,칠성)칸타타프리미엄라떼275ML
8027942,칠성)콘트라베이스라떼500ML
8027508,칠성)콘트라베이스블랙500ML
8011982,칠성)트레비라임500ML
8011981,칠성)트레비레몬500ML
8017279,칠성)트레비자몽500ML
7000043,칠성)펩시콜라250ML
8024910,칠성)펩시콜라600ML
8043530,칠성)펩시콜라제로라임500ML
7036645,칠성)핫식스캔250ML
8049850,동원)아이스티제로레몬500ML
8049851,동원)아이스티제로복숭아500ML
8052927,동원)아이스티제로샤인머스켓500
8052926,동원)아이스티제로애플500ML
8053227,동원)양반매실500ML
8053226,동원)양반배수정과500ML
8053225,동원)양반배식혜500ML
8053228,동원)양반오미자500ML
8048768,동원)투명이온제로500ML
7048294,웅진)가야농장종합선물세트12입
7024221,웅진)고칼슘오렌지500ML
8022017,웅진)꿀헛개180ML
8053231,웅진)더말린애플망고제로500ML
8053232,웅진)더말린자몽제로500ML
7039219,웅진)아침햇살PET500ML
8053234,웅진)자연은셔벗에이드레몬제로
8053235,웅진)자연은셔벗에이드애플제로
7025437,웅진)자연은알로에180ML
7024219,웅진)자연은알로에500ML
7032515,웅진)자연은종합선물세트
7025433,웅진)자연은토마토180ML
7032514,웅진)자연은토마토PET500ML
8011863,웅진)초록매실500ML
7000109,웅진)초록매실병180ML
8053230,웅진)티즐제로라임민트
8053229,웅진)티즐제로피치얼그레이
7014464,웅진)하늘보리500ML
8052799,동화)배러라이트120g
8052800,동화)배러화이트120g
8034914,동화)벡셀에너지드링크250ML
7034370,동화)부채표까스활
8026011,동화)부채표미인활75ml
8051213,동화)부채표비타천120ml
8013213,광동)대추쌍화150ml
8052954,광동)비앙떼허니유자500ML
8052953,광동)비앙떼허니자몽500ML
8042535,광동)비타500 치어팩
7012711,광동)비타500(100ML)
7023772,광동)비타500(180ML)
8049928,광동)비타500ZERO(100ML)
8036517,광동)비타500로열폴리스(120ML)
8020293,광동)비타500캔(240ML)
8043517,광동)비타500프레쉬100ml
7044941,광동)삼다수2L
8052951,광동)썬키스트모과생강280ML
7015208,광동)옥수수수염차340ML
7020092,광동)옥수수수염차500ML
7044940,광동)제주삼다수500ML
7020463,광동)진쌍화100ML
7026614,광동)진한헛개차340ml
7031763,광동)진한헛개차500ml
8042162,광동)헛개파워100ml
7019736,광동)홍삼벌꿀D170ML
8026259,그래미)여명1004 DAWN 140ML
7019133,그래미)여명808 DAWN(140ML)
8052382,CJ)밸런스밀견과50g
8052384,CJ)밸런스밀고구마50g
8052383,CJ)밸런스밀귀리50g
7000096,팔도)비락식혜238ML
8024038,팔도)비락식혜500ML
7027562,팔도)뽀로로딸기235ML
7027561,팔도)뽀로로밀크235ML
8024247,팔도)뽀로로보리차220ML
7034288,동서)레드불캔250ml
8035241,동서)레드불캔355ml
8024671,쥬)모구모구리치320ML
8049618,쥬)모구모구멜론320ML
8024670,쥬)모구모구복숭아320ML
8049619,쥬)모구모구블랙커런트320ML
8049622,쥬)모구모구알로에레몬320ML
8027273,쥬)모구모구요구르트320ML
8040400,동아)모닝케어H
8040402,동아)모닝케어S
7034382,동아제약)박카스F
8045400,동아제약)박카스디카페
8039560,진로)블랙보리340ML
8026189,진로)블랙보리520ML
8035833,진로)블랙보리라이트520ML
7049281,진로)하이트제로캔350ML
8046073,코레버)무라벨행복할수2L
7018051,농협)한라봉제주감귤340ML
8036522,HK)새싹보리500ML
8033517,HK)컨디션CEO150ML
8019487,HK)컨디션레이디100ML
8050000,HK)티로그복숭아500ML
8050001,HK)티로그청귤500ML
7036695,HK)헛개수500ML
7017656,HK)헛개컨디션100ML
8040366,오리온)닥터유드링크단백질바나
8040365,오리온)닥터유드링크단백질초코
8046914,오리온)닥터유프로드링크
8050868,오리온)닥터유프로드링크바나나
8052654,SDC)모구모구젤리딸기
8052653,SDC)모구모구젤리리치
8033460,엔바이오)케이쿨120ML
8048729,오케이에프)아미노화이버500ML
8040331,오케이에프)옐로우스무디350ML
8040334,오케이에프)워터멜론500ML
8052543,태항)푸쉬푸쉬워터200ml
8044500,파스퇴르)이지프로틴시리얼
8044499,파스퇴르)이지프로틴초코
7048444,파스퇴르)쾌변사과150ml
8047494,푸드)의성마늘직꾸닭100g
8026883,푸드)의성마늘프랑크2입140g
8005527,푸드)의성마늘프랑크70g
8026884,푸드)의성마늘프랑크빅90g
8003587,매일)과일야채샐러드레드
8003586,매일)과일야채샐러드퍼플
8009854,매일)바리스타로슈거250ML
8043761,매일)바리스타룰스라떼475ml
8043760,매일)바리스타룰스아메리카노475
7016267,매일)바리스타모카250ML
8023405,매일)바리스타바닐라빈라떼325ML
8023404,매일)바리스타쇼콜라모카325ML
7016266,매일)바리스타스모키250ML
7034680,매일)바리스타에스프레소250ML
7040609,매일)바리스타카라멜딥250ML
8020536,매일)바리스타콜드브루325ML
8020535,매일)바리스타플라넬드립325ML
8019822,매일)바이오드링킹딸기250ML
8050144,매일)상하유기농딸기우유125ml
8050143,매일)상하유기농우유125ml
8050146,매일)상하유기농코코아우유125ml
8041332,매일)셀렉스프로핏초콜릿330ml
8050142,매일)아몬드브리즈식이섬유190ml
8027780,매일)아몬드브리즈오리지널190ml
8027782,매일)아몬드브리즈초콜릿190ml
8050141,매일)아몬드브리즈프로틴190ml
8046913,매일)어메이징오트언스위트190ml
8046912,매일)어메이징오트오리지널190ml
7109234,매일)우유속에딸기300ML
7023496,매일)우유속에코코아300ML
8025300,매일)카페라떼로어슈거220ML
7000420,매일)카페라떼마일드220ML
7300420,매일)카페라떼카라멜220ML
7009234,매일)커피속에모카치노300ML
7000419,매일)허쉬초코드링크235ML
8007340,매일)허쉬초코쿠키앤크림235ml
8050140,매일)허쉬초코프로틴235ml
8044211,빙)더단백드링크초코250ml
8046449,빙)더단백드링크커피250ml
8050935,빙)따옴ABC주스220ml
8043533,빙)따옴애플망고235ml
8034445,빙)따옴한라봉235ml
7008039,빙)딸기맛우유240ml
8050564,빙)메로나맛우유240ml
7009688,빙)바나나맛우유240ml
8039505,빙)스페셜티에티오피아예가체프
8050565,빙)스페셜티콜롬비아안티오키아
8039506,빙)스페셜티탄자니아킬리만자로
8050566,빙)식물성바유190ml
7023563,빙)아카페라마끼야또240ml
8028198,빙)아카페라모카라떼240ml
7031019,빙)아카페라바닐라라떼240ml
8050567,빙)아카페라사이즈업돌체라떼
8026819,빙)아카페라사이즈업바닐라라떼
8024210,빙)아카페라사이즈업아메리카노
8024211,빙)아카페라사이즈업카페라떼
7022419,빙)아카페라스위트아메리카노240
8042124,빙)아카페라올데이아메리카노
8042125,빙)아카페라올데이헤이즐넛
7020190,빙)아카페라카페라떼240ml
8052431,빙)요플레오프룻딸기&알로에
8052432,빙)요플레오프룻복숭아
8053073,삼립)고단백닭가슴살바갈릭80g
8053074,삼립)고단백닭가슴살바블랙페퍼
8053075,삼립)고단백닭가슴살바청양고추
7000413,서울)딸기우유200ML
8040521,서울)바나나우유300ml
7024269,서울)비요뜨초코링138G
7000411,서울)서울우유200ML
8005522,서울)서울우유500ML
8025030,서울)서울우유딸기300ML
8025031,서울)서울우유초콜릿300ML
8025032,서울)서울우유커피300ML
7016275,서울)스타벅스라떼200ML
8027988,서울)스타벅스라떼270ML
8052921,서울)스타벅스바닐라라떼200ML
7000415,서울)아침에주스오렌지210ML
7037660,서울)아침에주스포도210ML
7023492,서울)저지방우유200ML
7012875,서울)초코우유200ML
7000414,서울)커피우유200ML
7017848,남양)불가리스사과150ml
7003670,남양)초코에몽190ml(리뉴얼)
8017080,남양)초코에몽250ml
8050597,남양)테이크핏맥스바나나맛250ML
8050163,남양)테이크핏초코250ml
8052729,남양)테이크핏호박고구마250ml
7023220,남양)프렌치카페마키아또200ml
7000427,남양)프렌치카페카페오레200ml
7020091,정)베지밀A병190ML
7011210,정)베지밀B병190ML
8004281,정)베지밀B팩190ML
8007428,정)베지밀국산검은콩
8051243,야쿠)야쿠르트 1971_280
7012943,야쿠)윌150ML
7019116,야쿠)윌저지방150ML
8020207,야쿠)콜드브루아메리카노270ML
8050396,야쿠)하루야채A 200ML
8050395,야쿠)하루야채L 200ML
8020208,야쿠)핫브루바닐라라
8053169,야쿠)호우섬로얄밀크티300ml
8052726,야쿠)호우섬밀크티350ml
8053170,야쿠)호우섬타로밀크티300ml
8052390,CJ)닭가슴살소시지청양고추80g
8017140,CJ)맥스봉숯불구이맛핫바
8052388,CJ)비건프로틴초코250g
8052389,CJ)비건프로틴커피250g
8034857,CJ)비비고볶음김치
7030024,행복)동의구운란
7030027,행복)훈제메추리알
8043870,동덴)오리진돌체라떼250ml
8043869,동덴)오리진카페라떼250ml
7031358,동덴)인포켓치즈오리지널
8041876,동덴)청미채그린200ml
8041875,동덴)청미채옐로우200ml
8020096,동덴)테이크얼라이브 망고
8020095,동덴)테이크얼라이브 자몽
8005749,소와나무)슬라이스체다치즈100G
7030562,풀무원)아임리얼딸기190ML
8006733,풀무원)아임리얼케일키위190ML
8004707,감동)감동란
8049720,제니코)살라미 스틱28g
8041304,서울F)레몬트리라떼300ml
8041305,서울F)레몬트리모카300ml
8041306,서울F)레몬트리카라멜300ml
8050179,서울F)설빙망고에이드250ml
8050178,서울F)설빙자몽에이드250ml
8050733,서울F)설빙제주감귤에이드
8050180,서울F)어른오트호두250ml
8043301,서울F)어른우유검은콩250ml
8043302,서울F)어른우유흑임자250ml
8041301,서울F)커피빈콜드브루280ml
8041455,코레버)커피빈바닐라라떼250ml
8041454,코레버)커피빈카페라떼250ml
8042755,으뜸)금메추리알
8042754,으뜸)금에그
8042756,으뜸)맵추리
7033868,롯데)더블비얀코
7033870,롯데)설레임밀크쉐이크
7033882,롯데)월드콘마다가스카르
8021788,롯데)찰떡아이스
7033922,삼강)구구콘스타초코
8024685,코레버)트레인얼음컵180g
8043727,코레버)트레인얼음컵220g
8044216,빙)끌레도르바닐라아몬드바
7033893,빙)끌레도르베리믹스바90ml
8044221,빙)끌레도르제주녹차바
8020470,빙)끌레도르쿠키앤크림바90ml
8042327,빙)끌레도르파르페체리블라썸
7047232,빙)더위사냥커피
7033904,빙)메로나85ml
8036201,빙)붕어싸만코150ml
7033907,빙)비비빅80ml
8050241,MDS)푸른얼음컵180g
8050242,MDS)푸른얼음컵230g
8039898,해태아이스)부라보콘바닐라
8039895,해태아이스)탱크보이
8053491,벤앤제리스)초코퍼지브라우니120
8052892,올팜)보석얼음1KG
8052144,코레버)무라벨얼음아이스컵180g
8052145,코레버)무라벨얼음아이스컵220g
8035072,롯데)ABC초코쿠키
8041485,롯데)ABC초코쿠키쿠키앤크림
8026812,롯데)IB듀오그레이프
8023288,롯데)IB듀오스트로베리
8045796,롯데)IB듀오체리
8010402,롯데)IB페퍼민트
7023405,롯데)ID믹스베리
7027946,롯데)ID화이트
8030197,롯데)가나마일드
8023285,롯데)가나마일드빅
8023859,롯데)가나밀크
8045637,롯데)까망씨리얼초코컵
7031766,롯데)꼬깔콘고소한맛
8051582,롯데)노가리칩_청양마요
8045395,롯데)뉴ABC초코
8041486,롯데)더블크런치바쿠키앤크림
8023108,롯데)드림카카오
8020355,롯데)롯샌파인애플
8050888,롯데)립파이초코
8026816,롯데)마가렛트
8028153,롯데)말랑카우딸기
8028152,롯데)말랑카우밀크
7030270,롯데)목캔디파워믹스베리
7030269,롯데)목캔디파워허브
8018797,롯데)밀크카라멜
7019060,롯데)비타C박스
8039660,롯데)비타C박스(용기)
8017429,롯데)빅크런키
7044666,롯데)빈츠
8020356,롯데)빠다코코넛
8027912,롯데)빼빼로아몬드
8027910,롯데)빼빼로초코
8027914,롯데)빼빼로초코쿠키
8027915,롯데)빼빼로초코필드
8039665,롯데)빼빼로크런키
8027913,롯데)빼빼로화이트쿠키
8043769,롯데)석기시대초코볼
8024300,롯데)수박바젤리
8028149,롯데)스카치캔디세가지맛
7045772,롯데)스피아민트
7031466,롯데)아라비카커피
7044664,롯데)아몬드볼
8028151,롯데)애니타임밀크민트
8050028,롯데)엄마손파이
8050030,롯데)왓따망고
8050031,롯데)왓따복숭아
8037415,롯데)왓따청포도
8012722,롯데)왓따콜라
8043294,롯데)왓따판박이
8020353,롯데)웰빙야채크래커
7039167,롯데)이브로즈
8053297,롯데)이지프로틴고단백질바
8053298,롯데)이지프로틴멀티단백질바
8006742,롯데)자일리톨F
8023692,롯데)자일리톨W
8023693,롯데)자일리톨알파(용기)
7006902,롯데)자일리톨오리지날(용기)
7031365,롯데)자일리톨오리지날(판)
7031364,롯데)자일리톨오리지널(코팅)
8052362,롯데)제로마일드초콜릿
8046915,롯데)제로초콜릿칩쿠키
8052363,롯데)제로쿠앤크샌드
8048883,롯데)제로크런치초코볼
8020354,롯데)제크오리지널
8053293,롯데)젤리셔스러버러버골드키위
8053292,롯데)젤리셔스러버러버백도
8045794,롯데)젤리셔스메론먹은죠스바
8045390,롯데)젤리셔스포도먹은구미
8051831,롯데)졸음번쩍오리지널(코팅)
8026293,롯데)죠스바젤리
7045771,롯데)쥬시후레쉬
8026294,롯데)청포도젤리
8028150,롯데)청포도캔디
8039134,롯데)초단백질바
8037417,롯데)초에너지바
7020867,롯데)칙촉
8050592,롯데)카카오몽쉘(리뉴얼)
7031369,롯데)칸쵸
7031370,롯데)칸쵸컵
7026814,롯데)크런키
8013926,롯데)크런키더블크런치바
8043766,롯데)크런키초코바
8050593,롯데)크림몽쉘(리뉴얼)
8023086,롯데)키세스밀크
8023087,롯데)키세스아몬드
8023089,롯데)키세스쿠키앤크림
8053295,롯데)프리미엄가나다크밀크
8053294,롯데)프리미엄가나마카다미아
8033495,롯데)하비스트오리지널달콤고소
8043768,롯데)해바라기초코볼
8013606,롯데)허쉬라지바밀크
8021847,롯데)허쉬쿠키앤초코
8021846,롯데)허쉬쿠키앤크림
8023284,롯데)허쉬크리미밀크
8023283,롯데)허쉬크리미아몬드
8018135,롯데)후라보노
8022199,롯데)후라보노레이디
8052361,롯데)후레쉬민트
7014145,해태)구운감자108g
7014146,해태)구운감자27g
8049814,해태)롤리폴리초코
7018950,해태)맛동산90g
7043278,해태)버터링
8040129,해태)붕붕붕꼬마버스타요
8048414,해태)썬키스트캔디125g
8048415,해태)알사탕126g
7019801,해태)에이스
7026421,해태)연양갱
8035868,해태)오예스미니
7026422,해태)자유시간
8051092,해태)자유시간 쿠키앤크림
7030158,해태)자유시간아몬드
8047426,해태)자유시간크리스피
7032330,해태)초코픽
7018948,해태)칼로리바란스치즈
8047425,해태)포키극세
8023416,해태)포키딸기
8035293,해태)포키오리지널
8012852,해태)허니버터칩
7018938,해태)홈런볼
7026424,해태)홈런볼초코컵
7033853,해태)화이트엔젤큐티
7023381,해태)후렌치파이
8021360,농심)닭다리후라이드치킨
8021359,농심)매운새우깡90g
8017023,농심)멘토스뉴레인보우
8017025,농심)멘토스믹스그레이프
8037609,농심)멘토스콜라향
8017024,농심)멘토스푸르티
8052468,농심)빵부장소금빵
8021358,농심)새우깡
8017026,농심)쫄병매콤한맛82g
8017027,농심)쫄병바베큐맛
8026757,농심)츄파춥스게코젤리
7023403,농심)츄파춥스슬림휠
8021699,농심)포스틱
8053040,농심)포테토칩먹태청양마요맛
8025567,동서)리츠치즈샌드크래커96g
8049447,동서)오곡코코볼바(리뉴얼)
7030224,동서)오레오초코크림
7030223,동서)오레오화이트크림
8048583,동서)포스트단백질바50g
8049448,동서)포스트콘푸라이트바(리뉴얼
8019827,매일)누텔라앤고52g
8017480,매일)킨더4입50G
8041678,매일)킨더부에노43g
8018436,매일)킨더조이걸20g
8018435,매일)킨더조이보이20g
7039229,매일)페레로로쉐3입(37.5g)
7039230,매일)페레로로쉐5입(62.5g)
8044212,빙)더단백크런치바초코40g
8050936,빙)더단백크런치바피넛버터40g
8037572,마즈)몰티져스다크
8037571,마즈)몰티져스밀크
8052381,마즈)몰티져스카라멜골드
8011945,마즈)스니커즈미니
7005418,마즈)스니커즈피넛싱글
8011950,마즈)스키틀즈사워
8011951,마즈)스키틀즈오리지날
8050226,마즈)스키틀즈와일드베리
8011948,마즈)엠앤엠즈밀크
8048434,마즈)엠앤엠즈블록밀크
8048435,마즈)엠앤엠즈블록크리스피
8011949,마즈)엠앤엠즈피넛
8042195,마즈)이클립스소프트레몬
8047010,마즈)이클립스소프트청포도
8053352,마즈)이클립스스피어민트
8047009,마즈)이클립스워터멜론
8034334,마즈)이클립스페퍼민트
8051227,마즈)이클립스플러스꿀레몬
8051228,마즈)이클립스플러스배비파
8034335,마즈)이클립스피치
7016279,마즈)트윅스싱글
8025458,광동)비타500젤리48g
8052106,엠큐)켈로그다크초코씨솔트
8052097,엠큐)켈로그크런치넛
8052104,엠큐)켈로그프로틴그래놀라바(단
8052105,엠큐)켈로그헤이즐넛다크초코
7047249,엠큐)프링글스매운맛110g(대)
8037272,엠큐)프링글스매운맛53g(소)
7047248,엠큐)프링글스양파맛110g(대)
7044594,엠큐)프링글스양파맛53g(소)
8052096,엠큐)프링글스오리지날맛53g(소)
7047250,엠큐)프링글스치즈맛110g(대)
8052534,진주)천하장사망고젤리100g
8052533,진주)천하장사복숭아젤리100g
8052535,진주)천하장사키위젤리100g
8048420,제이)씨네마팝콘
8050333,청우)고구마모나카
8037367,청우)쫀득초코칩
8037368,청우)찰떡쿠키
7025604,청우)참깨스틱
7032456,델리팜)로아커나폴리타너45g
7032455,델리팜)로아커바닐라45g
7032457,델리팜)로아커카카오웨하스45g
8034314,동아)박카스맛젤리
8042166,동아)박카스맛젤리신맛50g
8052649,효성)무직타이거불닭쫀드기
8050632,효성)오마이팝어니언팝콘
8046842,효성)찹쌀손약과
8018197,효성)하리보골드베런100g
8034373,효성)하리보메가룰렛
8036339,효성)하리보스타믹스100g
8018198,효성)하리보프루티부시100g
8018199,효성)하리보해피콜라100g
8049445,매크로)다스밀크(리뉴얼)
8049446,매크로)다스화이트(리뉴얼)
8018218,매크로)모리나가밀크(소)
8018214,매크로)웨더스캔디
8042212,매크로)코피코카푸치노캔디
8042211,매크로)코피코커피맛캔디
8024158,오리온)꼬북칩콘스프
8048879,오리온)꼬북칩크런치즈
8049808,오리온)나샌드(리뉴얼)
8024793,오리온)눈을감자
8040696,오리온)뉴고래밥볶음
8036302,오리온)뉴고소미
8039599,오리온)뉴예감볶은양파맛
8036303,오리온)뉴예감오리지널
8024795,오리온)다이제미니초코
8041265,오리온)다이제볼
7044063,오리온)다이제비스켓
8049805,오리온)다이제샌드(리뉴얼)
8035814,오리온)다이제씬 3P
8042764,오리온)닥터유단백질볼
7022934,오리온)닥터유에너지바
8043117,오리온)닥터유에너지바호두
8047254,오리온)닥터유프로단백질바
8050616,오리온)닥터유프로바크런치
8037269,오리온)단백질바
8044140,오리온)더자일리톨용기(대)
8037271,오리온)돌아온배배
8048878,오리온)리찌알맹이
8049804,오리온)마리
8024157,오리온)마이구미
8026504,오리온)마이구미복숭아
8046532,오리온)마켓오민티페퍼민트
8046531,오리온)마켓오민티피치민트
8036633,오리온)마켓오브라우니120g
8021901,오리온)무뚝뚝감자칩
8020105,오리온)미쯔블랙
8048704,오리온)바이오캔디(생과즙)
8048705,오리온)바이오캔디(생우유)
8027130,오리온)썬핫스파이시
8045164,오리온)오감자딥양념바베큐
8039930,오리온)오그래놀라바단백질
8027847,오리온)오그래놀라바유산균
8047663,오리온)오그래놀라바철분
8045413,오리온)오뜨치즈6P
7030032,오리온)오징어땅콩
8053263,오리온)오트다이제4P
8052154,오리온)와우x아이셔
8050232,오리온)와우레인보우
8045584,오리온)와우블랙레몬껌
7032579,오리온)와우쿨소다
7034787,오리온)와우탱글포도
8043118,오리온)와클어니언바게트맛
8046530,오리온)자두알맹이
7044064,오리온)초코다이제
7035960,오리온)초코송이
7023393,오리온)초코칩쿠키
8045581,오리온)초코파이(12입)
8020523,오리온)초코파이(2입)
8040859,오리온)초코파이바나나(12입)
8053068,오리온)초코파이하우스(딸기)
8053067,오리온)초코파이하우스(초코)
7040739,오리온)촉촉한초코칩
8047255,오리온)카스타드(12P)
8052155,오리온)키위알맹이
8048708,오리온)톡핑아몬드
8048707,오리온)톡핑헤이즐넛&그래놀라
8045414,오리온)통아몬드
8025595,오리온)통크초코
8037495,오리온)투유우유초콜릿
8045309,오리온)포도알맹이
7030941,오리온)포카칩오리지널
8048706,오리온)피넛칩쿠키
7040738,오리온)핫브레이크
8020526,오리온)후레쉬베리(2입)
7018961,크라운)국희땅콩샌드70g
8017995,크라운)땅콩카라멜
7030927,크라운)마이쮸딸기
8048897,크라운)마이쮸딸기(용기)
7030925,크라운)마이쮸복숭아
7031326,크라운)마이쮸사과
7030926,크라운)마이쮸포도
8048896,크라운)마이쮸포도(용기)
7019165,크라운)버터와플
8020587,크라운)비단박하
7030162,크라운)빅파이딸기
8021851,크라운)뽀또치즈타르트(중)
8021378,크라운)뽀로로와친구들치즈
8021380,크라운)뽀로로와친구들플레인
8020337,크라운)산도딸기크림치즈
7030924,크라운)새콤달콤딸기
7048121,크라운)새콤달콤레모네이드
7032344,크라운)새콤달콤복숭아
7030923,크라운)새콤달콤포도
8053127,크라운)엠쉘바이
7028456,크라운)참크래커
7028457,크라운)쵸코하임142g
7027648,크라운)쵸코하임47g
8048886,크라운)쿠크다스비엔나커피
7027650,크라운)쿠크다스화이트128g
7027649,크라운)쿠크다스화이트64g
7044576,크라운)키커바
7031325,크라운)화이트하임142g
7027949,크라운)화이트하임47g
8052540,MDS)고양이발바닥젤리딸기
8052541,MDS)고양이발바닥젤리포도
8048938,SDC)고구마스틱
8051247,SDC)뽀로로신호등캔디
8051246,SDC)뽀로로팽이캔디
8045387,SDC)시크릿쥬쥬립스틱캔디
8039709,SDC)아이스붐딸기맛
8039710,SDC)아이스붐레몬맛
8039711,SDC)아이스붐복숭아맛
8044285,SDC)약과도넛
8049704,SDC)춘식이키링
8047454,SDC)캐치티니핑 보석함
8047455,SDC)캐치티니핑 콤팩트
8052650,SDC)캐치티니핑비타씨
8051245,SDC)포켓몬스탠드
8051244,SDC)포켓몬스피너즈
8047453,SDC)포켓몬키링 달콤젤리빈(단종
8051252,SDC)포켓몬팝핑캔디-블루베리맛
8051248,SDC)포켓몬팝핑캔디-비타민맛
8051249,SDC)포켓몬팝핑캔디-콜라맛
8049530,SDC)프레첼 갈릭버터
8049531,SDC)프레첼 체다치즈
8052127,SDC)프리젤유칼립투스멘톨향
8049690,하림)닭가슴살단백질바너츠
8049691,하림)닭가슴살단백질바베리
8051533,서주)쿠로미(포도구미)43g
8047225,일신)리콜라레몬민트
8047226,일신)리콜라크랜베리
8047871,유앤아이)LOL덤블링팝
8053486,유앤아이)네스퀵초코웨이퍼
8053098,유앤아이)대파크림맛스낵
8052372,유앤아이)산리오미니젤
8053487,유앤아이)유기농사르르솜사탕
8049608,유앤아이)크레용신짱 스탬프캔디
8053100,유앤아이)크레용신짱롤리팝캔디
8050228,유앤아이)트위젤 콜라
8049849,유앤아이)포켓몬페이스팔찌
8053483,유앤아이)프루팁스과일믹스
8053485,유앤아이)프루팁스리치
8051592,명도)달님이츄러스20g
8047272,명도)도라에몽츄러스
8047267,명도)미주라통밀도넛츠
8047269,명도)미주라통밀비스켓
8047268,명도)초코칩미주라통밀도너츠
8047490,고려헬스)홍삼은단12g
8049659,앰지)밀카무
8050267,앰지)초코그레인
8049662,앰지)토블론밀크
8049650,앰지)호올스XS레몬민트
8049651,앰지)호올스XS멘토립터스
8049649,앰지)호올스XS후르츠믹스
8049668,앰지)호올스라임(리뉴얼)
8049663,앰지)호올스맨토립터스(리뉴얼)
8049666,앰지)호올스블루베리(리뉴얼)
8049664,앰지)호올스아이스블루(리뉴얼)
8049669,앰지)호올스오렌지(리뉴얼)
8049667,앰지)호올스자몽(리뉴얼)
8049665,앰지)호올스허니레몬(리뉴얼)
8050590,미성)허쉬초코마시멜로타르트38g
8050591,미성)허쉬초코앤화이트타르트38g
8050589,미성)허쉬초코크림샌드쿠키75g
8050587,미성)허쉬초콜릿칩모찌쿠키90g
8052197,태항)달콤바삭크룽지
7032346,스위트)메이지마카다미아
8049397,스위트)초코베이비
8051169,스위트)트롤리 XXL버거 젤리
8051170,스위트)트롤리미니버거봉지
8049640,스위트)트롤리사우어구미캔디
8044630,스위트)트롤리애플팝스
8039182,스위트)트롤리지구젤리(5입)
8036977,스위트)트롤리키스
8008089,농심)김치사발면소컵
8053041,농심)먹태깡큰사발청양마요맛
8008086,농심)사리곰탕큰사발
8008082,농심)새우탕소컵
7015739,농심)새우탕큰사발
7030315,농심)신라면(봉지)
7015737,농심)신라면소컵
7015740,농심)신라면큰사발
8008074,농심)안성탕면(봉지)
8008075,농심)얼큰한너구리(봉지)
8008078,농심)올리브짜파게티(봉지)
7015738,농심)육개장사발면소컵
8008079,농심)튀김우동소컵
7023527,동서)맥심모카골드커피20입
7023526,동서)맥심오리지날커피20입
8025294,동서)맥심화이트골드커피20입
8019939,동서)카누마일드16g
8019937,동서)카누미니다크9g
8019938,동서)카누미니마일드9g
7023449,동원)고추참치100G
7023448,동원)라이트참치100G
8053223,동원)상상육포 비프앤치즈30G
8053224,동원)상상육포 페퍼앤솔트30G
8017534,동원)쇠고기죽285G
7023450,동원)야채죽285G
7023452,동원)전복죽285G
7023451,동원)참치죽285G
8034355,선명)컬러하루견과(그린)
8034356,선명)컬러하루견과(퍼플)20g
8034357,선명)컬러하루견과(화이트)20g
7039320,선명)하루견과1300
8012482,선명)하루견과블루베리
8050892,진주)건강하닭할라피뇨치즈
8052532,진주)더블링25g
8028343,진주)천하장사28g
7040118,진주)천하장사50g
8035170,진주)천하장사big70g
8049692,진주)천하장사건강하닭60g
8046152,진주)천하장사치즈60g
8045321,바프)와사비맛아몬드40g
8045323,바프)허니버터아몬드40g
8012374,오뚜기)열라면큰컵
8035870,오뚜기)영양닭죽285G
8024193,오뚜기)유부우동소컵
8012341,오뚜기)진라면매운맛소컵
8024194,오뚜기)진짬뽕소컵
8024192,오뚜기)진짬뽕큰컵
8012377,오뚜기)참깨라면소컵
8012382,오뚜기)참깨라면큰컵
8012383,오뚜기)컵누들매콤한맛소컵
8012384,오뚜기)컵누들우동맛소컵
8013043,대상)청정원 고구마츄60G
8016973,대상)청정원 군밤츄80G
8037722,삼양식품)까르보불닭볶음면소컵
8037721,삼양식품)불닭볶음면소컵
7021957,CJ)맛밤80g
8019950,CJ)맥스봉치즈70g
8012490,CJ)스팸200G
8012488,CJ)햇반발아현미밥
8012489,CJ)햇반오곡밥210g
7023442,CJ)햇반큰공기300g
8046950,한성)런천미트200g
8045513,한성)쌀국수(김치맛)
8044627,한성)일품쇠고기견과육포
8047480,썬푸드)오징어버터구이
7027568,팔도)왕뚜껑(110g)
8050930,머거본)크리스피아몬드볶음양념
8050483,머거본)크리스피아몬드오리지널
8036956,HK)컨디션(환)3G
8046211,HK)컨디션스틱 그린애플맛
8052793,HK)컨디션스틱 망고맛
8052792,HK)컨디션스틱 자두맛
8046210,HK)컨디션스틱 컨디션맛
8042692,HK)컨디션환3입
8019466,코주부)클래식육포5900
8049689,삼양사)상쾌환부스터100ml
8026720,삼양사)큐원상쾌환3G
8036927,삼양사)큐원상쾌환3입
8040260,삼양사)큐원상쾌환스틱망고맛18g
8049688,삼양사)큐원상쾌환스틱사과맛18g
8042621,엔바이오)케이쿨환3g
8048934,홀썸)알디콤15g(숙취해소제)
8049422,익스트림)아르기닌20ml
8051187,곰표)숙취해소스틱20g
7009586,더원블루
7014257,더원오렌지0.5
7030222,더원임팩트
8011347,더원체인지
7020042,더원화이트0.1
7009564,디스
8050399,디스 아프리카 하이하이
8002282,디스아프리카룰라
8016974,디스아프리카몰라
8024809,디스아프리카아이스잭
7009567,디스플러스
7012301,라일락
8046568,레종 프렌치 썸
8044416,레종 프렌치 아이스 블랑
8024025,레종 휘바
7013653,레종블랙
7009582,레종블루(3㎎)
8010981,레종썬프레쏘
8002206,레종아이스프레쏘
8051599,레종이오니아아일랜드핑크
8051600,레종이오니아아쿠아그린
8019468,레종프랜치블랙
8020707,레종프랜치요고
8037429,레종프렌치끌레오
8052379,릴 하이브리드 3.0(레드)
8052378,릴 하이브리드 3.0(옐로우)
8041385,믹스 믹스
8051935,믹스 블루썸
8050207,믹스 아이션
8052235,믹스 아이스
8041386,믹스 아이스더블 핏
8046567,믹스 아이스뱅
8052956,믹스 업투
8053477,믹스 오라썸
8043947,믹스 콤보
8052957,믹스 프렌치
8047642,보헴 미니 로스트
8046107,보헴 시가 아이스핏
8046105,보헴 시가 카리브
8053478,보헴 파이프 브리튼
7017427,보헴시가NO.1
7030553,보헴시가NO.3
7017428,보헴시가NO.6
8021951,보헴시가리브레5mg
7043196,보헴시가미니1mg
7043197,보헴시가미니5mg
8016593,보헴시가슬림핏(브라운)
8016592,보헴시가슬림핏(화이트)
7037646,보헴시가쿠바나1㎎
7037647,보헴시가쿠바나더블
7009583,시즌스
7009573,심플
7023900,심플에이스1MG
8041387,액상 카트리지
8047037,에세 이츠 딥브라운
8048671,에쎄 이츠 버블퍼플
8046106,에쎄 체인지 그램
8053120,에쎄 체인지 슈팅레드
8049828,에쎄 체인지 아이스폴
8051186,에쎄 체인지 쿨립스
8039960,에쎄 체인지 프로즌
8035353,에쎄 체인지 히말라야
8021265,에쎄 체인지UP
8004873,에쎄골든리프1mg
7018588,에쎄골든리프3mg
7013565,에쎄수
7021377,에쎄수0.1
7015857,에쎄수0.5
7012853,에쎄스페셜골드
8051928,에쎄스페셜골드0.5mg
7025889,에쎄스페셜골드1mg
7009585,에쎄아이스
7034000,에쎄아이스1㎎
7026048,에쎄엣지1MG
7010662,에쎄원
8002208,에쎄체인지1mg
8004671,에쎄체인지4mg
8011346,에쎄체인지W
8024981,에쎄체인지린
8027070,에쎄체인지빙
7009579,에쎄클래식
7009584,에쎄프라임
8034376,에쎄프레쏘1mg
8050872,에임 그래뉼라 레귤러
8050480,에임 그래뉼라 아이스
8051184,에임 그래뉼라 아이스 러시
8050481,에임 그래뉼라 트와이스
8050869,에임 리얼 레귤러
8050870,에임 리얼 아이스
8050871,에임 리얼 카메오
8051185,에임 베이퍼 스틱 크래시
8050482,에임 베이퍼스틱 아이스더블
7014611,클라우드9(1MG)
7009588,클라우드9(5m)
7010362,타임미드
8027761,핏스파키
8027016,핏체인지
8027017,핏체인지업
8041369,핏체인지큐
8028556,핏쿨샷
7009566,한라산
8020775,메비우스 E-스타일 3
8020774,메비우스 E-스타일 6
8048722,메비우스 LBS 롱아일랜드 1mg
8048723,메비우스 LBS 맥스엘로우 1mg
8039480,메비우스 LBS 믹스그린 1mg
8051343,메비우스 LBS 선셋비치 
8051342,메비우스 LBS 스파클링
8048721,메비우스 LBS 아이스스톰 5mg
8039479,메비우스 LBS 옐로우 3mg
8051344,메비우스 LBS 트로피컬
8021724,메비우스 LBS 퍼플
8022225,메비우스 LSS V5
8022108,메비우스 LSS 원
8022107,메비우스 LSS 윈드블루 3MG
8034377,메비우스 블루1mg
8051345,메비우스 스카이블루 롱스
8020494,메비우스 스카이블루(곽)
8020495,메비우스 스카이블루(팩)
8034378,메비우스 옐로우1mg
8020496,메비우스 윈드블루
7033708,카멜(필터)
7033709,카멜블루
7018703,라크하모니(구프리미엄원)
8044419,말보로 비스타
8052783,말보로 비스타 블러썸 미스트
8047392,말보로 비스타 포레스트 미스트
7018699,말보로골드오리지날
7018698,말보로레드
7019252,말보로멘솔화이트후레쉬
7018878,말보로미디엄
7026658,말보로블랙멘솔
7018700,말보로실버
7030322,말보로아이스블라스트
8004942,말보로아이스블라스트원1mg
7048128,말보로하이브리드 1
7048129,말보로하이브리드 5
7018704,버지니아슬림골드
8050206,테리아 그린
8052785,테리아 그린징
8052403,테리아 러셋
8052784,테리아 블랙그린
8050205,테리아 블랙퍼플
8049926,테리아 블루
8049925,테리아 실버
8052028,테리아 썬펄
8052787,테리아 썸머웨이브
8053337,테리아 아버 펄
8050204,테리아 엠버
8052027,테리아 오아시스펄
8052786,테리아 유젠
8052404,테리아 티크
8049927,테리아 퍼플웨이브
7030323,팔리아멘트 아쿠아3
7018701,팔리아멘트 아쿠아5
8004941,팔리아멘트 하이브리드 1mg
7039901,팔리아멘트 하이브리드 5mg
7018702,팔리아멘트원
8028712,히츠 브론즈
8028706,히츠 실버
8041248,히츠 유젠
8047387,네오 부스트
8047386,네오 퍼플
8047385,네오 프레시
8052025,네오 하이퍼부스트
8052026,네오 하이퍼퍼플부스트
8041236,던힐디톨1mg_리뉴얼
8041235,던힐디톨3mg_리뉴얼
8013838,던힐디톨6mg
8041234,던힐디톨6mg_리뉴얼
8041237,던힐디톨프로스트_리뉴얼
8041238,던힐스위치6mg_리뉴얼
8047393,던힐파인컷 멜로크러쉬(부스트)
7020232,던힐파인컷0.1MG
7020037,던힐파인컷1MG
7023367,던힐파인컷1MG프로스트
7020038,던힐파인컷수프림
8021935,던힐파인컷스위치
8013848,켄트슈퍼슬림0.5mg(구 로스만)
8013846,켄트슈퍼슬림1mg(구 로스만)
8013847,켄트슈퍼슬림블루(구 로스만)
7011867,에이스)에이스라이터
8053837,애경)미니샴푸린스세트
8045430,애경)여행용세트
1023587,남강)1회용우의
1043935,남강)서류봉투5입1100
1040751,남강)여발목양말회색
7040642,엠큐)오랄비민트왁스치실
7040641,엠큐)오랄비후레쉬클린칫솔
8044166,SMK)1회용우의
8040098,SMK)4색볼펜
8044158,SMK)나무젓가락12P
8044189,SMK)남발목양말흰색
8044201,SMK)남성드로즈팬티100
8046949,SMK)남성드로즈팬티105
8040099,SMK)네임펜
8044174,SMK)니베아모이스춰케어립밤
8044520,SMK)니베아소프트보습크림
8044175,SMK)니베아에센셜케어립밤
8044176,SMK)니베아포맨케어립밤
8044519,SMK)니베아후르티샤인딸기립밤
8044177,SMK)니베아후르티샤인체리립밤
8044147,SMK)도루코면도기(3중날)
8044180,SMK)도루코면도기(4중날)
8016940,SMK)록타이트순간접착제
8044178,SMK)리뉴후레쉬120ml
8044179,SMK)리뉴후레쉬세트
8045475,SMK)멘소래담핫스프레이180ml
8044181,SMK)모기키퍼스프레이
1032932,SMK)무릎담요
8016941,SMK)무지개화투
8044193,SMK)박스테이프투명
8040397,SMK)밴드수첩
8040100,SMK)섬유지칼라봉투
8040399,SMK)스마트가위
8040398,SMK)스프링노트
8044168,SMK)썬부탄가스
8044182,SMK)아물디S볼타입
8044162,SMK)아트릭스핸드크림튜브
8044184,SMK)여발목양말검정
8044183,SMK)여발목양말흰색
8043899,SMK)여삼각팬티100
8044194,SMK)여삼각팬티90
8044195,SMK)여삼각팬티95
8044187,SMK)여중목양말검정
8044186,SMK)여중목양말회색
8044169,SMK)예공축하카드1000
8044161,SMK)예식장갑
8028479,SMK)옵티프리렌즈세정제120ml
8044159,SMK)원형접시10입
8044149,SMK)이력서
1028066,SMK)이쑤시개500입
8044150,SMK)이중봉투3입
8044160,SMK)일회용수저10입
8040096,SMK)제도샤프
8051109,SMK)제트스트림볼펜0.5
8051110,SMK)제트스트림볼펜0.7
8051111,SMK)제트스트림볼펜1.0
8044170,SMK)친환경용기10입
8026804,SMK)칼라부직포쇼핑백(대)
8026803,SMK)칼라부직포쇼핑백(중)
8045600,SMK)커터칼
8024697,SMK)쿨토시(화이트)
8044199,SMK)크리스찬남손수건
8044200,SMK)크리스찬여손수건
8044165,SMK)타포린쇼핑백3500
8027702,SMK)튜닝삼선슬리퍼230MM
8027706,SMK)튜닝삼선슬리퍼240MM
8027707,SMK)튜닝삼선슬리퍼250MM
8027708,SMK)튜닝삼선슬리퍼260MM
8027709,SMK)튜닝삼선슬리퍼270MM
8027710,SMK)튜닝삼선슬리퍼280MM
8051113,SMK)패드노트B5
8051112,SMK)플러스 수정테이프
8040396,SMK)함지수첩
7023584,빅)수정액1800
8049820,SL)라본프리미엄울트라대형14P
8049821,SL)라본프리미엄울트라중형16P
8049822,SL)라본프리미엄팬티라이너18P
8043992,SL)옴팡이일회용마스크10매
8049823,SL)유기농본네이처울트라대형14P
8049824,SL)유기농본네이처울트라중형16P
8049825,SL)유기농본네이처팬티라이너32P
8051265,SL)유기농본입는오버대형8P
8051005,비비안)남성풋커버(신)
8039925,비비안)베이직쿨토시_블랙
7044734,비비안)서포트팬티스타킹검정
7044732,비비안)서포트팬티스타킹살구
7044733,비비안)서포트팬티스타킹커피
8024026,비비안)압박스타킹(검정)
8024008,비비안)압박스타킹(살구)
8024023,비비안)압박스타킹(커피)
8051008,비비안)여성아쿠아풋커버
8051007,비비안)여성하이프리컷풋커버
8051006,비비안)여성헴풋커버(살구)
8041873,비비안)팬티스타킹L-L(검정)
8041872,비비안)팬티스타킹L-L(살구)
8026171,코레버)80D압박타이즈(검정)
8026170,코레버)80D타이즈(검정)
8034477,코레버)판타롱스타킹3족(검정)
8034475,코레버)판타롱스타킹3족(살구)
8034476,코레버)판타롱스타킹3족(커피)
8034480,코레버)팬티스타킹(검정)
8034478,코레버)팬티스타킹(살구)
8034479,코레버)팬티스타킹(커피)
8051194,하나로)메탈제트라이터
8052115,하나로)전자라이터(자동밸브)
8023579,하나로)코레버N_터보라이터
8047451,CNS)W플레닛PD보조배터
8053123,CNS)렉사USB메모리32G
8041308,CNS)액토C타입이어폰(실버)
8043790,CNS)이어맥 8핀 아이폰
8051589,CNS)일회용보조배터리8핀
8051588,CNS)일회용보조배터리C타입
8051428,CNS)커네틱45W충전기
8028183,CNS)커네틱8핀변환젠더
8051427,CNS)커네틱8핀이어폰
8028184,CNS)커네틱C타입변환젠더
8046226,CNS)커네틱C타입이어폰(블랙)
8046225,CNS)커네틱C타입이어폰(화이트)
8028180,CNS)커네틱뉴3in1케이블(레드)
8028179,CNS)커네틱뉴3in1케이블(블랙)
8034851,CNS)커네틱스탠드케이블8핀
8035252,CNS)커네틱오토릴케이블(5핀)
8041483,은성)뉴트로지나데일리립밤
8026008,은성)뉴트로지나핸드크림56g
8020822,은성)리스테린그린티100ml
7034668,은성)리스테린쿨민트100ml
8027376,은성)리스테린토탈케어100ml
8024856,은성)에너자이저AA(4입)
8024855,은성)에너자이저AAA(4입)
8024854,은성)에너자이저수은건전지2032
8020823,은성)존슨즈베이비핑크로션100ml
8036644,은성)존슨즈베이비화이트로션100
8024109,동아)가그린라임100ml
8018068,동아)가그린오리지널100ml
8018069,동아)가그린제로100ml
8026857,동아)굿뉴스얼리체크
8019703,동아)템포레귤러10P
8019704,동아)템포슈퍼10P
8011330,파렌즈)NII 2단우산 검정
7044986,파렌즈)NII 3단우산 검정
8051434,파렌즈)NII 자동장우산 
8010129,파렌즈)이본느앵클삭스2족(살구)
8024400,파렌즈)이본느쿨면덧신(살구)
8011331,파렌즈)일회용우산 흰색
8029401,도도)60라인POE장우산
8007549,도도)밀키컬러EVA장우산(4색)
8025658,도도)베이직장우산(검정)
8049126,도도)소프트쇼핑백(NEW)2000
8049128,도도)소프트쇼핑백(NEW)3500
8004468,도도)컬러팝3단우산(5색)
8045429,유한)그린핑거손소독물티슈20매
8047860,유한)라이트핏쿨마스크대3P
8021523,유한)좋은느낌오리지널울날대16
8021522,유한)좋은느낌오리지널울날중4
8027501,유한)좋은느낌유기농라이너롱18P
8044399,유한)좋은느낌입는오버중형2P
8040836,유한)크리넥스KF94 4단 마스크
8024992,유한)크리넥스마스크블랙3P
8043735,유한)크리넥스마이비데물티슈40
8052029,유한)크리넥스보습티슈50매
8045030,유한)크리넥스쿨마스크5매_블루
8045029,유한)크리넥스쿨마스크5매_핑크
8027502,유한)화이트라이너롱20P
8041311,리피)뉴QC3.0고속충전기(C타입)
8052357,리피)라온오픈형이어폰(블랙)
8052358,리피)라온오픈형이어폰(화이트)
8043772,리피)아이리버8핀이어폰(블랙)
8043771,리피)아이리버8핀이어폰(화이트)
8046216,리피)아이리버C타입이어폰(블랙)
8046217,리피)아이리버C타입이어폰(화이
8052359,리피)아이리버오픈형이어폰(블랙
8052360,리피)아이리버오픈형이어폰(화이
8035247,리피)아이리버이어폰(화이트)
8049838,리피)주파집8핀고속충전케이블
8049839,리피)주파집C타입고속충전케이블
8045448,리피)카카오그립톡(라이언)
8045449,리피)카카오그립톡(어피치)
8045450,리피)카카오그립톡(후드라이언)
8045451,리피)카카오전신그립톡(춘식이)
8051555,리피)프로버즈무선이어폰(화이트
8053084,리피)플레오맥스보조배터리10000
8053078,리피)필로C타입이어폰(블랙)
8053083,리피)필로C타입이어폰(화이트)
8053085,리피)필로aux타입이어폰(블랙)
8040314,미림)제도샤프
7034415,코니)벡셀AA(2입)
7034416,코니)벡셀AAA(2입)
7035327,크리오)대일밴드Q혼합21매
7043939,크리오)대일밴드스마트큐8매
7035329,크리오)대일밴드아쿠아혼합8매
7035324,크리오)대일시프쿨파스
8051593,크리오)대일안티스카랩2매
8046407,크리오)대일안티스카패치41매
8044473,크리오)덴티메이트치약150g
8041632,크리오)오이비누100G
8045558,크리오)옴팡이휴대용양치세트
8047293,크리오)일도제주감귤칫솔
8017343,크리오)휴대용칫솔치약세트
8022002,미래)코레버자연수물티슈(10매)
8022003,미래)코레버자연수물티슈(30매)
8040061,핸인핸)숯＆미백칫솔
8043913,핸인핸)여행용칫솔세트
8037460,핸인핸)플리퍼칫솔
8049132,하이웨이)라이언기장키링
8049133,하이웨이)어피치승무원키링
8046534,하이웨이)역장라이언그립톡
8039153,더필)777발톱깎이
8039152,더필)777손톱깎이
8039158,더필)777손톱깎이세트
8039156,더필)777족집게
8051211,더필)J23빅라이터
8051210,더필)J25빅라이터미니
8039178,더필)개별면봉50P
8044242,더필)결혼봉투5매
8044241,더필)고급샤워타올
8039168,더필)고급실핀
8044250,더필)고급종이컵10P
8044249,더필)고급종이컵50P
8039170,더필)고무밴드_모던
8039171,더필)고무밴드_칼라
8039174,더필)골지무팁머리끈
8044243,더필)규격봉투5매
8044239,더필)그물망수세미2입
8039173,더필)기본머리끈_검정
8039172,더필)기본머리끈_칼라
8050085,더필)더블볼륨뿌리집게핀헤어롤
8052337,더필)덴픽스미세모칫솔
8052340,더필)덴픽스치간칫솔5P
8052338,더필)덴픽스휴대용치실
8040921,더필)마스크지킴이(와이드)
8047070,더필)마우스스프레이_민트향
8047071,더필)마우스스프레이_복숭아향
8041373,더필)매트집게헤어핀
8039160,더필)반짇고리(바느질)세트
8039176,더필)볼스프링머리끈
8044245,더필)부의봉투5매
8039164,더필)손거울
8050082,더필)송월세면타올1P
8050084,더필)송월호텔타올1P
8040918,더필)쉬폰곱창헤어밴드_블랙
8040919,더필)쉬폰곱창헤어밴드_핑크
8050080,더필)스웨거슈퍼하드스프레이
8050079,더필)스웨거헤어왁스매트하드50g
8050863,더필)아쿠아엑스 쿨토시손등블랙
8044248,더필)오런목장갑
8050081,더필)오런에어폼안전장갑L
8044247,더필)오런코팅목장갑
8039159,더필)옷핀세트
8046960,더필)은박돗자리
8044244,더필)이중봉투5매
8039177,더필)접이식눈썹칼2P
8039166,더필)집게헤어롤2P
8045520,더필)집게헤어핀6P
8040920,더필)체크곱창헤어밴드
8052341,더필)축하봉투1매
8044236,더필)피죤스프레이_미스틱레인
8044237,더필)피죤스프레이_플라워
8045518,더필)화신원형인주
8050789,GSP)태극기 세트(가정용)
8047899,우신)모닝아이패치
8042642,CH)펭수케이블 8toA 기본
8051001,웰크론)몰랑이 매직핫팩(2P)
8047550,웰크론)오가닛데일리롱라이너20P
8047286,웰크론)오가닛데일리중형3P
8042170,웰크론)케어온KF94마스크_검정
8042169,웰크론)케어온KF94마스크_흰색
8043262,코레버)여행용티슈(머릿돌)
8043353,쉬즈라인)4중날여성면도기
8043356,쉬즈라인)고급실핀
8043359,쉬즈라인)기본실핀
8043381,쉬즈라인)나선형귀이개
8043378,쉬즈라인)남성용코가위
8043355,쉬즈라인)논슬립머리끈
8047190,쉬즈라인)니플패치_4매
8044437,쉬즈라인)데일리에코백
8043354,쉬즈라인)머리끈
8052501,쉬즈라인)머리끈12종판걸이형
8043374,쉬즈라인)무팁소머리끈
8043369,쉬즈라인)미니우드롤브러쉬
8043379,쉬즈라인)미용가위
8044436,쉬즈라인)베이직패션양말_블랙
8050042,쉬즈라인)사가미오리지널0.01
8050043,쉬즈라인)사가미오리지널0.02
8043358,쉬즈라인)삼각똑딱핀
8048763,쉬즈라인)속눈썹XO형
8044297,쉬즈라인)숙녀정장양말
8044298,쉬즈라인)스니커즈(남성)
8044299,쉬즈라인)스니커즈(여성)
8044296,쉬즈라인)신사정장양말
8047191,쉬즈라인)아쿠아삭스S
8043357,쉬즈라인)앞머리헤어롤
8044434,쉬즈라인)여성단목양말_흰색
8044435,쉬즈라인)여성중목양말_흰색
8052110,쉬즈라인)왕면봉(분홍)110P
8043372,쉬즈라인)접이식꼬리빗
8043370,쉬즈라인)쿠션브러쉬
8043371,쉬즈라인)투웨이콤(소)
8043367,쉬즈라인)페이크삭스1+1(남성)
8043366,쉬즈라인)페이크삭스1+1(여성)
8048767,쉬즈라인)포인트메이컵면봉50P
8043360,쉬즈라인)피지제거필름
8043642,바른생각)에어핏3P
8043643,바른생각)퍼펙트핏3P
8044061,KTm)자급제 유심패키지(NFC)
8044062,KTm)자급제 유심패키지(일반)
8045478,참존)블랙라벨KF94마스크_그레이
8045477,참존)블랙라벨KF94마스크_화이트
8045479,참존)블랙라벨컬러마스크_로즈
8051425,참존)톤업선스틱
8052959,참존)톤업핏KF94마스크(검정)
8052958,참존)톤업핏KF94마스크(흰색)
8048665,투엠)무소음무선마우스(블랙)
8047411,투엠)인켈 PD충전기
8047412,투엠)인켈 QC 3.0충전기
8049718,투엠)인켈C타입레트로이어폰(B)
8049719,투엠)인켈C타입레트로이어폰(W)
8049717,투엠)인켈C타입프리미엄이어폰
8047574,컨섹)100W C to C TPE 케이블 2M
8047590,컨섹)DP 8핀 케이블1.2M(블루)
8047584,컨섹)DP Cto8핀 케이블1.8M(블루
8047583,컨섹)DP Cto8핀 케이블1.8M(핑크
8047573,컨섹)허니콤8핀고속충전케이블
8049935,드리온)8핀포켓미니배터리5000
8049934,드리온)C타입포켓미니배터리5000
8047545,드리온)PD초고속충전기(25W)
8047547,"드리온)보조배터리10000(C,8핀)"
8048851,코레버N)위글위글다회용쇼핑백
8048453,메가)곰병장불난로특대형핫팩
8051833,메가)신신파프쿨5매
8051834,메가)신신파프핫5매
8048452,메가)프리미엄화롯불부착형핫팩
8051090,코레버N)여행용티슈70매(무민)
8051085,앤스브릭)KTX-산천열차모형블럭
8051390,EM)3M매직테이프104
8051393,EM)3M스카치테이프
8051389,EM)3M이어플러그
8051391,EM)3M포스트잇(대)
8051392,EM)3M포스트잇(소)
8052888,EM)매직컬러스칼렛립밤
8052889,EM)매직컬러스트로베리립밤
8052887,EM)메디케이트립밤
8051388,EM)모나미부드러운풀15g
8051395,EM)모나미편지지세트
8052890,EM)소프트립스라즈베리립밤
8051387,EM)컴퓨터용사인펜(2입)
8052032,EM)포켓용핫팩
8051396,EM)프리미엄A4복사지100
8051394,EM)합지노트3000
8048408,코레버)2.4A애플8핀충전기
8035102,코레버)4포트USB여행용어댑터
8042378,코레버)60W 4in1 PD케이블
8052425,코레버)LG급속충전기 C타입
8035103,코레버)급속여행용어댑터
8048411,코레버)마그네틱링(1+1)+그립톡
8035130,코레버)셀카삼각대
8048409,코레버)애플8핀뮤직사운드이어폰
8027794,코레버)커널형이어폰
8046253,영업)22년포스영수증
8053242,영업)마즈시저진열장
8039120,광동)비타500(선물용)박스(100ml
8053195,티머니)BT21글리터보라
8053197,티머니)BT21글리터주황
8053199,티머니)BT21글리터파랑
8052326,티머니)산리오마이멜로디
8052806,티머니)산리오마이멜로디키링
8052324,티머니)산리오쿠로미
8052807,티머니)산리오쿠로미키링
8053520,티머니)친환경GoGreen
8052075,티머니)코리아투어카드
8012712,네트)레일플러스(어린이)
8012710,네트)레일플러스(일반_편의점)
8012711,네트)레일플러스(청소년)
8024980,동아제약)박카스케이스(20입)
8053191,안산시)음식물종량제20L
8042970,안산시)음식물종량제2L
8053189,안산시)음식물종량제3L
8042320,안산시)종량제봉투10L
8042322,안산시)종량제봉투20L
8042971,안산시)종량제봉투3L
8042321,안산시)종량제봉투50L
8053192,안산시)종량제봉투5L
8045675,오렌지)상품정보서
8052753,원포인트듀오)상품정보서
8017653,(센터보유)유제품빨대(스트로우)
8051209,영업)2023상품닦기수건
8049471,영업)23년종이봉투(대)
8049497,영업)23년종이빨대(음료)
8052039,영업)24년종이봉투(소)
7030745,유제품스푼
8049905,경기_SJC_HOT아메리카노
8049904,경기_SJC_ICE아메리카노
8053408,마즈)시저쇠고기
8053409,마즈)시저쇠고기와닭고기
8053411,마즈)시저심플리닭고기고구마
8053410,마즈)시저심플리쇠고기닭고기